material_id,formula_pretty,chemsys,nelements,nsites,spacegroup_symbol,spacegroup_number,crystal_system,volume,density,density_atomic,energy_per_atom,formation_energy_per_atom,energy_above_hull,is_stable,band_gap,is_metal,is_magnetic,ordering,total_magnetization,theoretical,has_charge_density
mp-10597,Ag,Ag,1,2,P6_3/mmc,194,Hexagonal,34.77213082803506,10.302466724280304,17.38606541401753,-21.34820847,0.007668675000001457,0.007668675000001457,False,0.0,True,False,Unknown,1e-06,False,True
mp-124,Ag,Ag,1,1,Fm-3m,225,Cubic,17.28523120082949,10.362566650857447,17.28523120082949,-21.35375043,0.0021267149999992796,0.0021267149999992796,False,0.0,True,False,Unknown,9e-07,False,True
mp-2646971,Ag,Ag,1,1,Im-3m,229,Cubic,18.153849863758662,9.866742412123847,18.153849863758662,-21.321539981666668,0.034337163333333365,0.034337163333333365,False,0.0,True,False,NM,2.2e-06,True,True
mp-8566,Ag,Ag,1,4,P6_3/mmc,194,Hexagonal,69.45695019121693,10.315417529906261,17.364237547804233,-21.355877145,0.0,0.0,True,0.0,True,False,Unknown,1.2e-05,False,True
mp-989737,Ag,Ag,1,3,R-3m,166,Trigonal,54.15478637716398,9.922633198841723,18.05159545905466,-21.34549547,0.010381675000004975,0.010381675000001422,False,0.0,True,False,Unknown,0.0,True,True
mp-1008634,Au,Au,1,2,P6_3/mmc,194,Hexagonal,35.30141737751474,18.530172859515538,17.65070868875737,-50.582851645,0.0021085050000024808,0.0021085050000024808,False,0.0,True,False,Unknown,0.0,True,True
mp-1238808,Au,Au,1,2,C2/m,12,Monoclinic,39.097581250691825,16.730993203823285,19.548790625345912,-50.46657865,0.11838149999999814,0.11838149999999814,False,0.0,True,False,NM,0.0001991,True,True
mp-2647062,Au,Au,1,1,Im-3m,229,Cubic,18.207025965875985,17.963981800686724,18.207025965875985,-50.56307545,0.02188470000000109,0.02188470000000109,False,0.0,True,False,NM,7.4e-06,True,True
mp-81,Au,Au,1,1,Fm-3m,225,Cubic,18.14473805188449,18.02564920807207,18.14473805188449,-50.58496015,0.0,0.0,True,0.0,True,False,Unknown,0.0,False,True
mp-126,Pt,Pt,1,1,Fm-3m,225,Cubic,15.327454053856243,21.134925773252462,15.327454053856243,-51.4877169,0.0,0.0,True,0.0,True,False,Unknown,0.00505,False,True
mp-2646979,Pt,Pt,1,1,Im-3m,229,Cubic,15.904003643869789,20.368745567161255,15.904003643869789,-51.38067808,0.10703881999999965,0.10703881999999965,False,0.0,True,False,NM,3.4e-06,True,True
mp-2647022,Pt,Pt,1,2,P6_3/mmc,194,Hexagonal,31.629123510982563,20.48394440071702,15.814561755491281,-51.418623185,0.06909371500000105,0.06909371500000105,False,0.0,True,False,NM,1e-05,True,True
mp-1183137,Ag3Au,Ag-Au,2,4,Pm-3m,221,Cubic,69.4819450678798,12.441055923713124,17.37048626696995,-28.724861585,-0.06171368874999672,0.0,True,0.0,True,False,Unknown,1.2e-06,True,True
mp-1183205,Ag3Au,Ag-Au,2,8,P6_3/mmc,194,Hexagonal,139.445177864431,12.398116270729075,17.430647233053875,-28.7132912175,-0.05014332124999754,0.011570367499999179,False,0.0,True,False,Unknown,0.0,True,True
mp-1183214,Ag3Au,Ag-Au,2,4,I4/mmm,139,Tetragonal,69.52061764808629,12.434135275575349,17.38015441202157,-28.7244515575,-0.06130366124999753,0.0004100274999991882,False,0.0,True,False,Unknown,2e-07,True,True
mp-1183227,AgAu,Ag-Au,2,2,P-6m2,187,Hexagonal,35.04353313091967,14.444606415643653,17.521766565459835,-36.01726902,-0.046850372500003346,0.016448837500007585,False,0.0,True,False,Unknown,0.0,True,True
mp-1229092,AgAu,Ag-Au,2,2,R-3m,166,Trigonal,34.81609918060682,14.53896488701583,17.40804959030341,-36.032644645,-0.062225997500000574,0.0010732125000103565,False,0.0,True,False,Unknown,6e-07,True,True
mp-1183224,AgAu3,Ag-Au,2,4,I4/mmm,139,Tetragonal,70.00433693487003,16.575136062791298,17.501084233717506,-43.3408251425,-0.06313574375000286,0.0017489875000009647,False,0.0,True,False,Unknown,0.0,True,True
mp-863750,AgAu3,Ag-Au,2,4,Pm-3m,221,Cubic,70.0176441434365,16.571985874073818,17.504411035859125,-43.34257413,-0.06488473125000382,0.0,True,0.0,True,False,Unknown,0.0,True,True
mp-985287,AgAu3,Ag-Au,2,8,P6_3/mmc,194,Hexagonal,140.6120641077718,16.504009340075168,17.576508013471475,-43.33139391,-0.05370451125000386,0.011180219999999963,False,0.0,True,False,Unknown,0.0,True,True
mp-12065,Ag3Pt,Ag-Pt,2,4,Pm-3m,221,Cubic,66.73214578132846,12.906863323798722,16.683036445332114,-28.9092283025,-0.020391218749995943,0.020805422500000503,False,0.0,True,False,Unknown,0.0,False,True
mp-1183209,AgPt,Ag-Pt,2,2,P-6m2,187,Hexagonal,32.163987440549775,15.640596957858614,16.081993720274887,-36.504190305,-0.0823932825,0.0,True,0.0,True,False,Unknown,0.0,True,True
mp-1229015,AgPt,Ag-Pt,2,2,R-3m,166,Trigonal,32.11996152045807,15.662035080423447,16.059980760229035,-36.50107399,-0.07927696750000024,0.0031163149999997586,False,0.0,True,False,Unknown,0.041776,True,True
mp-30353,AgPt3,Ag-Pt,2,4,Pm-3m,221,Cubic,64.32907440460727,17.891648250968963,16.082268601151817,-43.92456509833334,0.030191862916659318,0.07138850416666287,False,0.0,True,False,NM,0.0108992,False,True
mp-1229032,AgPt4,Ag-Pt,2,5,R-3m,166,Trigonal,78.08102236221835,18.889324584362807,15.61620447244367,-45.485563868,-0.024214919000002055,0.008742394000002207,False,0.0,True,False,Unknown,0.0014712,True,True
mp-1186779,PtAu,Au-Pt,2,2,P-6m2,187,Hexagonal,32.823539403289736,19.833793023294987,16.411769701644868,-51.007668545,0.028669980000003648,0.028669980000003648,False,0.0,True,False,Unknown,0.0,True,True
mp-1219709,PtAu,Au-Pt,2,2,R-3m,166,Trigonal,32.72026255007715,19.896395568967737,16.360131275038576,-51.023551985,0.012786540000007562,0.012786540000007562,False,0.0,True,False,Unknown,0.0,True,True
